{"noiseKey":{"private":{"type":"Buffer","data":"4CF4CaWjlUUbzSO/2AOW/XzXSBriZfmCAQv8kEIFVFo="},"public":{"type":"Buffer","data":"uabNYkAcSo++f/Xfwf8GjZWUuyuCPO4PYYSdq23ExXk="}},"pairingEphemeralKeyPair":{"private":{"type":"Buffer","data":"6IpC1Uniwl127++GE2o7yxnM0IsoRPUN3bOND/m/GnY="},"public":{"type":"Buffer","data":"4JRoPYJj9BHxp6y0driYWsbmrWFTqbsv0Hpi/KC4bz0="}},"signedIdentityKey":{"private":{"type":"Buffer","data":"AOLiEGHgP6fcJvC4/7JMbI40ZT3dMBG1cuLgTjYnzGE="},"public":{"type":"Buffer","data":"ZGPLaIKMdMdnfbrBssYBEuouTylZL9eldSc1CpCSAAU="}},"signedPreKey":{"keyPair":{"private":{"type":"Buffer","data":"IAm2dL/GdDbzWuTnjSTOnJZ3VD7a9QfCeeUQ88GRiGU="},"public":{"type":"Buffer","data":"9oM9vZO7zRt3GSNiehplfjFIZJJPiLTOOcjdixNA0V8="}},"signature":{"type":"Buffer","data":"BFA/d3xV3On9Nd6t529+14VQJ/PkDLnMX53TSyOu/0hWEUGg/l6rKCXuS3BtW0SONnl3DDHW7gKXqOh124+bgA=="},"keyId":1},"registrationId":47,"advSecretKey":"986HQNRghFsO509ZoQlMc71pgs5ZcdromeMtEoqf2tc=","processedHistoryMessages":[{"key":{"remoteJid":"254743706010@s.whatsapp.net","fromMe":true,"id":"BDD1D03643AFA43EC5CAF094027ACB1A"},"messageTimestamp":1723027298}],"nextPreKeyId":64,"firstUnuploadedPreKeyId":64,"accountSyncCounter":1,"accountSettings":{"unarchiveChats":false},"deviceId":"t55PzmhISn-gDNReCzGtQg","phoneId":"fa9fabbf-427a-426c-99a0-bec586f1efb4","identityId":{"type":"Buffer","data":"hHZN6ja1dIu/6HG0Y3FIZZ0ud5Y="},"registered":true,"backupToken":{"type":"Buffer","data":"oXdMcQNT/gQqXX4ekepePHRFnxk="},"registration":{},"pairingCode":"6F9NTB36","me":{"id":"254743706010:77@s.whatsapp.net","lid":"277554174939322:77@lid","name":"SILVA DEVELOPER🚦💋"},"account":{"details":"CKzQ7cUGEOmdzbUGGAEgACgA","accountSignatureKey":"KzzJeqto3BJLdB5+oAVCZ78itY6ViRefzGaRTmTm4GI=","accountSignature":"V2pRMnKKHgENAlbOtAMJSMfU1aetZ0VoO5QtqmrTfUUShAM7me09Dkc0gzmdrnyDSvDobtzPz/cjMNbe0eciBw==","deviceSignature":"tIWt8VT4d5ZmDdvgdaQbg+nq+88b9I5ostu2R0UHaPMQ8iDNMik/983QbeRNj1Gx89B6KlX0ANHem5xcSdhiiQ=="},"signalIdentities":[{"identifier":{"name":"254743706010:77@s.whatsapp.net","deviceId":0},"identifierKey":{"type":"Buffer","data":"BSs8yXqraNwSS3QefqAFQme/IrWOlYkXn8xmkU5k5uBi"}}],"platform":"android","routingInfo":{"type":"Buffer","data":"CA0IBQ=="},"lastAccountSyncTimestamp":1723027378,"myAppStateKeyId":"AAAAAGEO"}
